id,accountNumber,name,currency,billToEmail,stripeCustomerId,status
8a800001c0ffee0001,A00000001,Acme Analytics,USD,ap@acmeanalytics.example.com,cus_test000001,Active
8a800002c0ffee0002,A00000002,Bluefin Logistics,USD,ap@bluefinlogistics.example.com,cus_test000002,Active
8a800003c0ffee0003,A00000003,Cedar Health,USD,ap@cedarhealth.example.com,cus_test000003,Active
8a800004c0ffee0004,A00000004,Delta Robotics,USD,ap@deltarobotics.example.com,cus_test000004,Active
8a800005c0ffee0005,A00000005,Evergreen Foods,USD,ap@evergreenfoods.example.com,cus_test000005,Active
8a800006c0ffee0006,A00000006,Falcon Security,USD,ap@falconsecurity.example.com,cus_test000006,Active
8a800007c0ffee0007,A00000007,Granite Legal,USD,ap@granitelegal.example.com,cus_test000007,Active
8a800008c0ffee0008,A00000008,Harbor Media,USD,ap@harbormedia.example.com,cus_test000008,Active
8a800009c0ffee0009,A00000009,Ion Energy,USD,ap@ionenergy.example.com,cus_test000009,Active
8a800010c0ffee0010,A00000010,Juniper Retail,USD,ap@juniperretail.example.com,cus_test000010,Active
8a800011c0ffee0011,A00000011,Kestrel Labs,USD,ap@kestrellabs.example.com,cus_test000011,Active
8a800012c0ffee0012,A00000012,Lumen Education,USD,ap@lumeneducation.example.com,cus_test000012,Active
8a800013c0ffee0013,A00000013,Maple Insurance,USD,ap@mapleinsurance.example.com,cus_test000013,Active
8a800014c0ffee0014,A00000014,Nimbus Cloud,USD,ap@nimbuscloud.example.com,cus_test000014,Active
8a800015c0ffee0015,A00000015,Orbit Travel,USD,ap@orbittravel.example.com,cus_test000015,Active
8a800016c0ffee0016,A00000016,Pioneer Freight,USD,ap@pioneerfreight.example.com,cus_test000016,Active
8a800017c0ffee0017,A00000017,Quartz Finance,USD,ap@quartzfinance.example.com,cus_test000017,Active
8a800018c0ffee0018,A00000018,Redwood Clinics,USD,ap@redwoodclinics.example.com,cus_test000018,Active
8a800019c0ffee0019,A00000019,Summit Sports,USD,ap@summitsports.example.com,cus_test000019,Active
8a800020c0ffee0020,A00000020,Tidal Water,USD,ap@tidalwater.example.com,cus_test000020,Active
8a800021c0ffee0021,A00000021,Umber Design,USD,ap@umberdesign.example.com,cus_test000021,Active
8a800022c0ffee0022,A00000022,Vertex Mining,USD,ap@vertexmining.example.com,cus_test000022,Active
8a800023c0ffee0023,A00000023,Willow Pets,USD,ap@willowpets.example.com,cus_test000023,Active
8a800024c0ffee0024,A00000024,Xenon Telecom,USD,ap@xenontelecom.example.com,cus_test000024,Active
8a800025c0ffee0025,A00000025,Yarrow Farms,USD,ap@yarrowfarms.example.com,cus_test000025,Active
