id,invoiceNumber,accountNumber,invoiceDate,dueDate,amount,balance,currency,status
inv0001001,INV0001001,A00000001,2026-02-05,2026-03-07,100.0,0.0,USD,Posted
inv0001002,INV0001002,A00000001,2026-03-05,2026-04-04,100.0,0.0,USD,Posted
inv0001003,INV0001003,A00000001,2026-04-05,2026-05-05,100.0,0.0,USD,Posted
inv0001004,INV0001004,A00000001,2026-05-05,2026-06-04,100.0,0.0,USD,Posted
inv0001005,INV0001005,A00000001,2026-06-05,2026-07-05,100.0,0.0,USD,Posted
inv0001006,INV0001006,A00000001,2026-07-05,2026-08-04,100.0,0.0,USD,Posted
inv0001007,INV0001007,A00000001,2026-08-05,2026-09-04,100.0,0.0,USD,Posted
inv0002001,INV0002001,A00000002,2026-01-05,2026-02-04,1125.0,0.0,USD,Posted
inv0002002,INV0002002,A00000002,2026-02-05,2026-03-07,1125.0,0.0,USD,Posted
inv0002003,INV0002003,A00000002,2026-03-05,2026-04-04,1125.0,0.0,USD,Posted
inv0002004,INV0002004,A00000002,2026-04-05,2026-05-05,1125.0,0.0,USD,Posted
inv0002005,INV0002005,A00000002,2026-05-05,2026-06-04,1125.0,0.0,USD,Posted
inv0002006,INV0002006,A00000002,2026-06-05,2026-07-05,1125.0,0.0,USD,Posted
inv0002007,INV0002007,A00000002,2026-07-05,2026-08-04,1125.0,0.0,USD,Posted
inv0002008,INV0002008,A00000002,2026-08-05,2026-09-04,1125.0,0.0,USD,Posted
inv0003001,INV0003001,A00000003,2026-03-17,2026-04-16,9720.0,9720.0,USD,Posted
inv0004001,INV0004001,A00000004,2026-03-31,2026-04-30,6250.0,0.0,USD,Posted
inv0004002,INV0004002,A00000004,2026-04-28,2026-05-28,6250.0,0.0,USD,Posted
inv0004003,INV0004003,A00000004,2026-05-28,2026-06-27,6250.0,0.0,USD,Posted
inv0004004,INV0004004,A00000004,2026-06-28,2026-07-28,6250.0,0.0,USD,Posted
inv0004005,INV0004005,A00000004,2026-07-28,2026-08-27,6250.0,0.0,USD,Posted
inv0004006,INV0004006,A00000004,2026-08-28,2026-09-27,6250.0,0.0,USD,Posted
inv0005001,INV0005001,A00000005,2026-01-13,2026-02-12,112.5,0.0,USD,Posted
inv0005002,INV0005002,A00000005,2026-02-13,2026-03-15,112.5,0.0,USD,Posted
inv0005003,INV0005003,A00000005,2026-03-13,2026-04-12,112.5,0.0,USD,Posted
inv0005004,INV0005004,A00000005,2026-04-13,2026-05-13,112.5,0.0,USD,Posted
inv0005005,INV0005005,A00000005,2026-05-13,2026-06-12,112.5,0.0,USD,Posted
inv0005006,INV0005006,A00000005,2026-06-13,2026-07-13,112.5,0.0,USD,Posted
inv0005007,INV0005007,A00000005,2026-07-13,2026-08-12,112.5,0.0,USD,Posted
inv0005008,INV0005008,A00000005,2026-08-13,2026-09-12,112.5,0.0,USD,Posted
inv0006001,INV0006001,A00000006,2026-02-07,2026-03-09,4590.0,0.0,USD,Posted
inv0007001,INV0007001,A00000007,2026-04-01,2026-05-01,30000.0,0.0,USD,Posted
inv0008001,INV0008001,A00000008,2026-04-09,2026-05-09,2500.0,0.0,USD,Posted
inv0008002,INV0008002,A00000008,2026-05-09,2026-06-08,2500.0,0.0,USD,Posted
inv0008003,INV0008003,A00000008,2026-06-09,2026-07-09,2500.0,0.0,USD,Posted
inv0008004,INV0008004,A00000008,2026-07-09,2026-08-08,2500.0,0.0,USD,Posted
inv0008005,INV0008005,A00000008,2026-08-09,2026-09-08,2500.0,0.0,USD,Posted
inv0009001,INV0009001,A00000009,2026-01-21,2026-02-20,108000.0,0.0,USD,Posted
inv0010001,INV0010001,A00000010,2026-02-04,2026-03-06,4800.0,0.0,USD,Posted
inv0011001,INV0011001,A00000011,2026-01-22,2026-02-21,1000.0,0.0,USD,Posted
inv0011002,INV0011002,A00000011,2026-02-22,2026-03-24,1000.0,0.0,USD,Posted
inv0011003,INV0011003,A00000011,2026-03-22,2026-04-21,1000.0,0.0,USD,Posted
inv0011004,INV0011004,A00000011,2026-04-22,2026-05-22,1000.0,0.0,USD,Posted
inv0011005,INV0011005,A00000011,2026-05-22,2026-06-21,1000.0,0.0,USD,Posted
inv0011006,INV0011006,A00000011,2026-06-22,2026-07-22,1000.0,0.0,USD,Posted
inv0011007,INV0011007,A00000011,2026-07-22,2026-08-21,1000.0,0.0,USD,Posted
inv0011008,INV0011008,A00000011,2026-08-22,2026-09-21,1000.0,1000.0,USD,Posted
inv0012001,INV0012001,A00000012,2026-04-18,2026-05-18,6000.0,0.0,USD,Posted
inv0012002,INV0012002,A00000012,2026-05-18,2026-06-17,6000.0,0.0,USD,Posted
inv0012003,INV0012003,A00000012,2026-06-18,2026-07-18,6000.0,0.0,USD,Posted
inv0012004,INV0012004,A00000012,2026-07-18,2026-08-17,6000.0,0.0,USD,Posted
inv0012005,INV0012005,A00000012,2026-08-18,2026-09-17,6000.0,0.0,USD,Posted
inv0013001,INV0013001,A00000013,2026-04-23,2026-05-23,212.5,0.0,USD,Posted
inv0013002,INV0013002,A00000013,2026-05-23,2026-06-22,212.5,0.0,USD,Posted
inv0013003,INV0013003,A00000013,2026-06-23,2026-07-23,212.5,0.0,USD,Posted
inv0013004,INV0013004,A00000013,2026-07-23,2026-08-22,212.5,0.0,USD,Posted
inv0013005,INV0013005,A00000013,2026-08-23,2026-09-22,212.5,0.0,USD,Posted
inv0014001,INV0014001,A00000014,2026-01-18,2026-02-17,10800.0,0.0,USD,Posted
inv0015001,INV0015001,A00000015,2026-02-24,2026-03-26,51000.0,0.0,USD,Posted
inv0016001,INV0016001,A00000016,2026-01-18,2026-02-17,21600.0,0.0,USD,Posted
inv0017001,INV0017001,A00000017,2026-04-21,2026-05-21,5400.0,0.0,USD,Posted
inv0018001,INV0018001,A00000018,2026-04-12,2026-05-12,6000.0,0.0,USD,Posted
inv0018002,INV0018002,A00000018,2026-05-12,2026-06-11,6000.0,0.0,USD,Posted
inv0018003,INV0018003,A00000018,2026-06-12,2026-07-12,6000.0,0.0,USD,Posted
inv0018004,INV0018004,A00000018,2026-07-12,2026-08-11,6000.0,0.0,USD,Posted
inv0018005,INV0018005,A00000018,2026-08-12,2026-09-11,6000.0,0.0,USD,Posted
inv0019001,INV0019001,A00000019,2026-03-12,2026-04-11,54000.0,0.0,USD,Posted
inv0020001,INV0020001,A00000020,2026-04-07,2026-05-07,2125.0,0.0,USD,Posted
inv0020002,INV0020002,A00000020,2026-05-07,2026-06-06,2125.0,0.0,USD,Posted
inv0020003,INV0020003,A00000020,2026-06-07,2026-07-07,2125.0,0.0,USD,Posted
inv0020004,INV0020004,A00000020,2026-07-07,2026-08-06,2125.0,0.0,USD,Posted
inv0020005,INV0020005,A00000020,2026-08-07,2026-09-06,2125.0,0.0,USD,Posted
inv0021001,INV0021001,A00000021,2026-01-01,2026-01-31,9720.0,0.0,USD,Posted
inv0022001,INV0022001,A00000022,2026-03-06,2026-04-05,30000.0,0.0,USD,Posted
inv0023001,INV0023001,A00000023,2026-03-06,2026-04-05,120000.0,0.0,USD,Posted
inv0024001,INV0024001,A00000024,2026-04-08,2026-05-08,600.0,0.0,USD,Posted
inv0024002,INV0024002,A00000024,2026-05-08,2026-06-07,600.0,0.0,USD,Posted
inv0024003,INV0024003,A00000024,2026-06-08,2026-07-08,600.0,0.0,USD,Posted
inv0024004,INV0024004,A00000024,2026-07-08,2026-08-07,600.0,0.0,USD,Posted
inv0024005,INV0024005,A00000024,2026-08-08,2026-09-07,600.0,0.0,USD,Posted
inv0025001,INV0025001,A00000025,2026-01-15,2026-02-14,15000.0,0.0,USD,Posted
