id,customer,amount_cents,currency,created,status,description,metadata_invoice_number
ch_test0001001,cus_test000001,10000,usd,2026-02-13,succeeded,Payment for INV0001001,INV0001001
ch_test0001002,cus_test000001,10000,usd,2026-03-10,succeeded,Payment for INV0001002,INV0001002
ch_test0001003,cus_test000001,10000,usd,2026-04-29,succeeded,Payment for INV0001003,INV0001003
ch_test0001004,cus_test000001,10000,usd,2026-05-09,succeeded,Payment for INV0001004,INV0001004
ch_test0001005,cus_test000001,10000,usd,2026-06-27,succeeded,Payment for INV0001005,INV0001005
ch_test0001006,cus_test000001,10000,usd,2026-07-29,succeeded,Payment for INV0001006,INV0001006
ch_test0001007,cus_test000001,10000,usd,2026-08-23,succeeded,Payment for INV0001007,INV0001007
ch_test0002001,cus_test000002,111500,usd,2026-01-08,succeeded,Payment for INV0002001,INV0002001
ch_test0002002,cus_test000002,112500,usd,2026-02-12,succeeded,Payment for INV0002002,INV0002002
ch_test0002003,cus_test000002,112500,usd,2026-03-13,succeeded,Payment for INV0002003,INV0002003
ch_test0002004,cus_test000002,112500,usd,2026-04-22,succeeded,Payment for INV0002004,INV0002004
ch_test0002005,cus_test000002,112500,usd,2026-05-25,succeeded,Payment for INV0002005,INV0002005
ch_test0002006,cus_test000002,112500,usd,2026-06-06,succeeded,Payment for INV0002006,INV0002006
ch_test0002007,cus_test000002,112500,usd,2026-07-23,succeeded,Payment for INV0002007,INV0002007
ch_test0002008,cus_test000002,112500,usd,2026-08-12,succeeded,Payment for INV0002008,INV0002008
ch_test0004001,cus_test000004,625000,usd,2026-04-11,succeeded,Payment for INV0004001,INV0004001
ch_test0004002,cus_test000004,625000,usd,2026-05-07,succeeded,Payment for INV0004002,INV0004002
ch_test0004003,cus_test000004,625000,usd,2026-06-02,succeeded,Payment for INV0004003,INV0004003
ch_test0004004,cus_test000004,625000,usd,2026-07-05,succeeded,Payment for INV0004004,INV0004004
ch_test0004005,cus_test000004,625000,usd,2026-08-22,succeeded,Payment for INV0004005,INV0004005
ch_test0004006,cus_test000004,625000,usd,2026-09-08,succeeded,Payment for INV0004006,INV0004006
ch_test0005001,cus_test000005,11250,usd,2026-01-25,succeeded,Payment for INV0005001,INV0005001
ch_test0005002,cus_test000005,11250,usd,2026-03-05,succeeded,Payment for INV0005002,INV0005002
ch_test0005003,cus_test000005,11250,usd,2026-03-22,succeeded,Payment for INV0005003,INV0005003
ch_test0005004,cus_test000005,11250,usd,2026-04-15,succeeded,Payment for INV0005004,INV0005004
ch_test0005005,cus_test000005,11250,usd,2026-06-06,succeeded,Payment for INV0005005,INV0005005
ch_test0005006,cus_test000005,11250,usd,2026-06-28,succeeded,Payment for INV0005006,INV0005006
ch_test0005007,cus_test000005,11250,usd,2026-07-31,succeeded,Payment for INV0005007,INV0005007
ch_test0005008,cus_test000005,11250,usd,2026-08-17,succeeded,Payment for INV0005008,INV0005008
ch_test0006001,cus_test000006,459000,usd,2026-02-28,succeeded,Payment for INV0006001,INV0006001
ch_test0007001,cus_test000007,3000000,usd,2026-04-04,succeeded,Payment for INV0007001,INV0007001
ch_test0008001,cus_test000008,250000,usd,2026-04-12,succeeded,Payment for INV0008001,INV0008001
ch_test0008002,cus_test000008,250000,usd,2026-05-17,succeeded,Payment for INV0008002,INV0008002
ch_test0008003,cus_test000008,250000,usd,2026-06-13,succeeded,Payment for INV0008003,INV0008003
ch_test0008004,cus_test000008,250000,usd,2026-07-22,succeeded,Payment for INV0008004,INV0008004
ch_test0008005,cus_test000008,250000,usd,2026-08-18,succeeded,Payment for INV0008005,INV0008005
ch_test0009001,cus_test000009,10800000,usd,2026-02-02,succeeded,Payment for INV0009001,INV0009001
ch_test0010001,cus_test000010,480000,usd,2026-02-27,succeeded,Payment for INV0010001,INV0010001
ch_test0011001,cus_test000011,100000,usd,2026-02-15,succeeded,Payment for INV0011001,INV0011001
ch_test0011002,cus_test000011,100000,usd,2026-03-02,succeeded,Payment for INV0011002,INV0011002
ch_test0011003,cus_test000011,100000,usd,2026-03-28,succeeded,Payment for INV0011003,INV0011003
ch_test0011004,cus_test000011,100000,usd,2026-05-07,succeeded,Payment for INV0011004,INV0011004
ch_test0011005,cus_test000011,100000,usd,2026-06-04,succeeded,Payment for INV0011005,INV0011005
ch_test0011006,cus_test000011,100000,usd,2026-07-01,succeeded,Payment for INV0011006,INV0011006
ch_test0011007,cus_test000011,100000,usd,2026-08-12,succeeded,Payment for INV0011007,INV0011007
ch_test0011008,cus_test000011,100000,usd,2026-09-14,failed,Payment for INV0011008,INV0011008
ch_test0012001,cus_test000012,600000,usd,2026-04-26,succeeded,Payment for INV0012001,INV0012001
ch_test0012002,cus_test000012,600000,usd,2026-05-20,succeeded,Payment for INV0012002,INV0012002
ch_test0012003,cus_test000012,600000,usd,2026-06-29,succeeded,Payment for INV0012003,INV0012003
ch_test0012004,cus_test000012,600000,usd,2026-07-31,succeeded,Payment for INV0012004,INV0012004
ch_test0012005,cus_test000012,600000,usd,2026-08-27,succeeded,Payment for INV0012005,INV0012005
ch_test0013001,cus_test000013,21250,usd,2026-05-04,succeeded,Payment for INV0013001,INV0013001
ch_test0013002,cus_test000013,21250,usd,2026-05-30,succeeded,Payment for INV0013002,INV0013002
ch_test0013003,cus_test000013,21250,usd,2026-07-14,succeeded,Payment for INV0013003,INV0013003
ch_test0013004,cus_test000013,21250,usd,2026-08-08,succeeded,Payment for INV0013004,INV0013004
ch_test0013005,cus_test000013,21250,usd,2026-09-05,succeeded,Payment for INV0013005,INV0013005
ch_test0014001,cus_test000014,1080000,usd,2026-01-26,succeeded,Payment for INV0014001,INV0014001
ch_test0015001,cus_test000015,5100000,usd,2026-03-15,succeeded,Payment for INV0015001,INV0015001
ch_test0016001,cus_test000016,2160000,usd,2026-02-04,succeeded,Payment for INV0016001,INV0016001
ch_test0017001,cus_test000017,540000,usd,2026-04-25,succeeded,Payment for INV0017001,INV0017001
ch_test0018001,cus_test000018,600000,usd,2026-04-26,succeeded,Payment for INV0018001,INV0018001
ch_test0018002,cus_test000018,600000,usd,2026-06-01,succeeded,Payment for INV0018002,INV0018002
ch_test0018003,cus_test000018,600000,usd,2026-06-15,succeeded,Payment for INV0018003,INV0018003
ch_test0018004,cus_test000018,600000,usd,2026-07-25,succeeded,Payment for INV0018004,INV0018004
ch_test0018005,cus_test000018,600000,usd,2026-08-25,succeeded,Payment for INV0018005,INV0018005
ch_test0019001,cus_test000019,5400000,usd,2026-03-13,succeeded,Payment for INV0019001,INV0019001
ch_test0020001,cus_test000020,212500,usd,2026-05-02,succeeded,Payment for INV0020001,INV0020001
ch_test0020002,cus_test000020,212500,usd,2026-05-28,succeeded,Payment for INV0020002,INV0020002
ch_test0020003,cus_test000020,212500,usd,2026-06-18,succeeded,Payment for INV0020003,INV0020003
ch_test0020004,cus_test000020,212500,usd,2026-07-11,succeeded,Payment for INV0020004,INV0020004
ch_test0020005,cus_test000020,212500,usd,2026-08-17,succeeded,Payment for INV0020005,INV0020005
ch_test0021001,cus_test000021,972000,usd,2026-01-25,succeeded,Payment for INV0021001,INV0021001
ch_test0022001,cus_test000022,3000000,usd,2026-03-10,succeeded,Payment for INV0022001,INV0022001
ch_test0023001,cus_test000023,12000000,usd,2026-03-26,succeeded,Payment for INV0023001,INV0023001
ch_test0024001,cus_test000024,60000,usd,2026-04-26,succeeded,Payment for INV0024001,INV0024001
ch_test0024002,cus_test000024,60000,usd,2026-06-02,succeeded,Payment for INV0024002,INV0024002
ch_test0024003,cus_test000024,60000,usd,2026-06-25,succeeded,Payment for INV0024003,INV0024003
ch_test0024004,cus_test000024,60000,usd,2026-07-09,succeeded,Payment for INV0024004,INV0024004
ch_test0024005,cus_test000024,60000,usd,2026-08-28,succeeded,Payment for INV0024005,INV0024005
ch_test0025001,cus_test000025,1500000,usd,2026-01-27,succeeded,Payment for INV0025001,INV0025001
ch_test0007001_dup,cus_test000007,3000000,usd,2026-04-04,succeeded,Payment for INV0007001,INV0007001
ch_test9999001,cus_test000004,4999,usd,2026-07-14,succeeded,Manual charge,
