invoice_number,customer,invoice_date,amount,currency
INV-1001,Acme Analytics,2026-09-01,1200.00,USD
INV-1002,Bluefin Logistics,2026-09-01,450.00,USD
INV-1003,Cedar Health,2026-09-02,3000.00,USD
INV-1004,Acme Analytics,2026-09-05,250.50,USD
INV-1005,Delta Robotics,2026-09-05,980.00,USD
INV-1006,Evergreen Foods,2026-09-08,75.25,USD
INV-1007,Bluefin Logistics,2026-09-10,450.00,USD
INV-1008,Falcon Security,2026-09-11,1999.99,USD
INV-1009,Cedar Health,2026-09-12,125.00,USD
INV-1010,Granite Legal,2026-09-15,640.00,USD
INV-1011,Acme Analytics,2026-09-15,1200.00,USD
INV-1012,Harbor Media,2026-09-16,not-a-number,USD
INV-1013,Delta Robotics,2026-09-18,310.40,USD
INV-1014,Evergreen Foods,2026-09-20,75.25,USD
INV-1015,Ion Energy,2026-09-21,5400.00,USD
INV-1016,Falcon Security,2026-09-22,200.00,USD
INV-1017,Granite Legal,2026-09-24,640.00,USD
INV-1018,Juniper Retail
INV-1019,Cedar Health,2026-09-28,3000.00,USD
INV-1020,Ion Energy,2026-09-30,600.00,USD
